"U:0","U:1","U:2","p","cellID","vtkValidPointMask","arc_length","Points:0","Points:1","Points:2"
0,0,0,0.022727,6420,1,0,86,31,0
8.0847e-05,0.024733,0,0.022732,6420,1,0.015999,86.016,31,0
0.00016169,0.049466,0,0.022737,6420,1,0.031998,86.032,31,0
0.00024254,0.074198,0,0.022742,6420,1,0.047997,86.048,31,0
0.00032343,0.098943,0,0.022747,6420,1,0.064003,86.064,31,0
0.00040428,0.12368,0,0.022752,6420,1,0.080002,86.08,31,0
0.00048512,0.14841,0,0.022757,6420,1,0.096001,86.096,31,0
0.00056597,0.17314,0,0.022762,6420,1,0.112,86.112,31,0
0.00064682,0.19787,0,0.022767,6420,1,0.128,86.128,31,0
0.00072766,0.22261,0,0.022772,6420,1,0.144,86.144,31,0
0.00084668,0.24637,0,0.022778,8603,1,0.16,86.16,31,0
0.0010308,0.26845,0,0.022786,8603,1,0.176,86.176,31,0
0.001215,0.29052,0,0.022794,8603,1,0.192,86.192,31,0
0.0013991,0.3126,0,0.022802,8603,1,0.208,86.208,31,0
0.0015832,0.33467,0,0.02281,8603,1,0.224,86.224,31,0
0.0017674,0.35674,0,0.022818,8603,1,0.24,86.24,31,0
0.0019515,0.37882,0,0.022826,8603,1,0.256,86.256,31,0
0.0021357,0.40091,0,0.022833,8603,1,0.272,86.272,31,0
0.0023199,0.42298,0,0.022841,8603,1,0.288,86.288,31,0
0.002504,0.44505,0,0.022849,8603,1,0.304,86.304,31,0
0.0027143,0.4633,0,0.022853,6421,1,0.32,86.32,31,0
0.0029338,0.48019,0,0.022855,6421,1,0.336,86.336,31,0
0.0031533,0.49708,0,0.022858,6421,1,0.352,86.352,31,0
0.0033728,0.51397,0,0.02286,6421,1,0.368,86.368,31,0
0.0035924,0.53087,0,0.022862,6421,1,0.384,86.384,31,0
0.0038119,0.54776,0,0.022865,6421,1,0.4,86.4,31,0
0.0040314,0.56465,0,0.022867,6421,1,0.416,86.416,31,0
0.0042509,0.58153,0,0.022869,6421,1,0.432,86.432,31,0
0.0044704,0.59842,0,0.022872,6421,1,0.448,86.448,31,0
0.0046899,0.61531,0,0.022874,6421,1,0.464,86.464,31,0
0.0049095,0.63221,0,0.022876,6421,1,0.48,86.48,31,0
0.0051244,0.6487,0,0.022878,8604,1,0.496,86.496,31,0
0.0053179,0.66337,0,0.022876,8604,1,0.512,86.512,31,0
0.0055115,0.67805,0,0.022874,8604,1,0.528,86.528,31,0
0.0057051,0.69272,0,0.022872,8604,1,0.544,86.544,31,0
0.0058987,0.7074,0,0.02287,8604,1,0.56,86.56,31,0
0.0060923,0.72207,0,0.022868,8604,1,0.576,86.576,31,0
0.006286,0.73676,0,0.022866,8604,1,0.592,86.592,31,0
0.0064796,0.75143,0,0.022864,8604,1,0.608,86.608,31,0
0.0066732,0.76611,0,0.022862,8604,1,0.624,86.624,31,0
0.0068667,0.78078,0,0.02286,8604,1,0.64,86.64,31,0
0.0070603,0.79546,0,0.022858,8604,1,0.656,86.656,31,0
0.0072539,0.81014,0,0.022856,8604,1,0.672,86.672,31,0
0.0073626,0.8219,0,0.022851,6422,1,0.688,86.688,31,0
0.0074203,0.8319,0,0.022844,6422,1,0.704,86.704,31,0
0.0074779,0.84191,0,0.022837,6422,1,0.72,86.72,31,0
0.0075355,0.85191,0,0.022831,6422,1,0.736,86.736,31,0
0.0075932,0.86191,0,0.022824,6422,1,0.752,86.752,31,0
0.0076508,0.87192,0,0.022817,6422,1,0.768,86.768,31,0
0.0077085,0.88192,0,0.022811,6422,1,0.784,86.784,31,0
0.0077661,0.89193,0,0.022804,6422,1,0.8,86.8,31,0
0.0078238,0.90194,0,0.022797,6422,1,0.816,86.816,31,0
0.0078814,0.91194,0,0.022791,6422,1,0.832,86.832,31,0
0.0079391,0.92194,0,0.022784,6422,1,0.848,86.848,31,0
0.0079967,0.93195,0,0.022777,6422,1,0.864,86.864,31,0
0.0080543,0.94195,0,0.022771,6422,1,0.88,86.88,31,0
0.008112,0.95196,0,0.022764,6422,1,0.896,86.896,31,0
0.0080575,0.96029,0,0.02275,8605,1,0.912,86.912,31,0
0.007967,0.96808,0,0.022734,8605,1,0.928,86.928,31,0
0.0078764,0.97587,0,0.022718,8605,1,0.944,86.944,31,0
0.0077858,0.98366,0,0.022702,8605,1,0.96,86.96,31,0
0.0076952,0.99146,0,0.022686,8605,1,0.976,86.976,31,0
0.0076046,0.99925,0,0.02267,8605,1,0.992,86.992,31,0
0.007514,1.007,0,0.022654,8605,1,1.008,87.008,31,0
0.0074234,1.0148,0,0.022638,8605,1,1.024,87.024,31,0
0.0073328,1.0226,0,0.022622,8605,1,1.04,87.04,31,0
0.0072423,1.0304,0,0.022606,8605,1,1.056,87.056,31,0
0.0071517,1.0382,0,0.02259,8605,1,1.072,87.072,31,0
0.0070611,1.046,0,0.022574,8605,1,1.088,87.088,31,0
0.0069705,1.0538,0,0.022558,8605,1,1.104,87.104,31,0
0.0068799,1.0616,0,0.022542,8605,1,1.12,87.12,31,0
0.0067101,1.067,0,0.022518,6423,1,1.136,87.136,31,0
0.0065303,1.072,0,0.022492,6423,1,1.152,87.152,31,0
0.0063506,1.0771,0,0.022467,6423,1,1.168,87.168,31,0
0.0061708,1.0821,0,0.022442,6423,1,1.184,87.184,31,0
0.0059911,1.0872,0,0.022417,6423,1,1.2,87.2,31,0
0.0058112,1.0923,0,0.022392,6423,1,1.216,87.216,31,0
0.0056314,1.0973,0,0.022367,6423,1,1.232,87.232,31,0
0.0054517,1.1024,0,0.022342,6423,1,1.248,87.248,31,0
0.0052719,1.1075,0,0.022317,6423,1,1.264,87.264,31,0
0.0050922,1.1125,0,0.022292,6423,1,1.28,87.28,31,0
0.0049124,1.1176,0,0.022267,6423,1,1.296,87.296,31,0
0.0047326,1.1226,0,0.022242,6423,1,1.312,87.312,31,0
0.0045528,1.1277,0,0.022217,6423,1,1.328,87.328,31,0
0.004373,1.1328,0,0.022192,6423,1,1.344,87.344,31,0
0.0041933,1.1378,0,0.022166,6423,1,1.36,87.36,31,0
0.0040135,1.1429,0,0.022141,6423,1,1.376,87.376,31,0
0.0038165,1.1477,0,0.022113,8606,1,1.392,87.392,31,0
0.0035661,1.1517,0,0.022073,8606,1,1.408,87.408,31,0
0.0033156,1.1557,0,0.022033,8606,1,1.424,87.424,31,0
0.0030652,1.1596,0,0.021994,8606,1,1.44,87.44,31,0
0.0028148,1.1636,0,0.021954,8606,1,1.456,87.456,31,0
0.0025644,1.1676,0,0.021914,8606,1,1.472,87.472,31,0
0.002314,1.1716,0,0.021875,8606,1,1.488,87.488,31,0
0.0020636,1.1755,0,0.021835,8606,1,1.504,87.504,31,0
0.0018132,1.1795,0,0.021796,8606,1,1.52,87.52,31,0
0.0015627,1.1835,0,0.021756,8606,1,1.536,87.536,31,0
0.0013123,1.1875,0,0.021716,8606,1,1.552,87.552,31,0
0.0010619,1.1914,0,0.021677,8606,1,1.568,87.568,31,0
0.00081154,1.1954,0,0.021637,8606,1,1.584,87.584,31,0
0.00056114,1.1994,0,0.021597,8606,1,1.6,87.6,31,0
0.00031075,1.2034,0,0.021558,8606,1,1.616,87.616,31,0
6.0229e-05,1.2073,0,0.021518,8606,1,1.632,87.632,31,0
-0.00019017,1.2113,0,0.021478,8606,1,1.648,87.648,31,0
-0.00043833,1.2144,0,0.021434,6424,1,1.664,87.664,31,0
-0.00068505,1.217,0,0.021387,6424,1,1.68,87.68,31,0
-0.00093177,1.2196,0,0.02134,6424,1,1.696,87.696,31,0
-0.0011785,1.2221,0,0.021293,6424,1,1.712,87.712,31,0
-0.0014252,1.2247,0,0.021246,6424,1,1.728,87.728,31,0
-0.0016721,1.2273,0,0.021199,6424,1,1.744,87.744,31,0
-0.0019188,1.2298,0,0.021152,6424,1,1.76,87.76,31,0
-0.0021655,1.2324,0,0.021105,6424,1,1.776,87.776,31,0
-0.0024122,1.235,0,0.021058,6424,1,1.792,87.792,31,0
-0.0026589,1.2375,0,0.021011,6424,1,1.808,87.808,31,0
-0.0029056,1.2401,0,0.020964,6424,1,1.824,87.824,31,0
-0.0031524,1.2427,0,0.020917,6424,1,1.84,87.84,31,0
-0.0033992,1.2453,0,0.02087,6424,1,1.856,87.856,31,0
-0.0036459,1.2478,0,0.020823,6424,1,1.872,87.872,31,0
-0.0038926,1.2504,0,0.020776,6424,1,1.888,87.888,31,0
-0.0041394,1.253,0,0.020729,6424,1,1.904,87.904,31,0
-0.0043861,1.2555,0,0.020682,6424,1,1.92,87.92,31,0
-0.0046328,1.2581,0,0.020635,6424,1,1.936,87.936,31,0
-0.0048796,1.2607,0,0.020588,6424,1,1.952,87.952,31,0
-0.0051264,1.2632,0,0.020541,6424,1,1.968,87.968,31,0
-0.0053878,1.2654,0,0.020485,8607,1,1.984,87.984,31,0
-0.0056576,1.2673,0,0.020423,8607,1,2,88,31,0
-0.0059274,1.2692,0,0.020361,8607,1,2.016,88.016,31,0
-0.0061972,1.2711,0,0.020299,8607,1,2.032,88.032,31,0
-0.006467,1.273,0,0.020238,8607,1,2.048,88.048,31,0
-0.0067369,1.275,0,0.020176,8607,1,2.064,88.064,31,0
-0.0070068,1.2769,0,0.020114,8607,1,2.08,88.08,31,0
-0.0072766,1.2788,0,0.020052,8607,1,2.096,88.096,31,0
-0.0075464,1.2807,0,0.019991,8607,1,2.112,88.112,31,0
-0.0078162,1.2826,0,0.019929,8607,1,2.128,88.128,31,0
-0.008086,1.2845,0,0.019867,8607,1,2.144,88.144,31,0
-0.0083559,1.2864,0,0.019805,8607,1,2.16,88.16,31,0
-0.0086257,1.2883,0,0.019744,8607,1,2.176,88.176,31,0
-0.0088955,1.2903,0,0.019682,8607,1,2.192,88.192,31,0
-0.0091653,1.2922,0,0.01962,8607,1,2.208,88.208,31,0
-0.0094351,1.2941,0,0.019559,8607,1,2.224,88.224,31,0
-0.0097049,1.296,0,0.019497,8607,1,2.24,88.24,31,0
-0.0099747,1.2979,0,0.019435,8607,1,2.256,88.256,31,0
-0.010245,1.2998,0,0.019373,8607,1,2.272,88.272,31,0
-0.010514,1.3017,0,0.019312,8607,1,2.288,88.288,31,0
-0.010757,1.3032,0,0.019248,6425,1,2.304,88.304,31,0
-0.010986,1.3044,0,0.019185,6425,1,2.32,88.32,31,0
-0.011214,1.3055,0,0.019121,6425,1,2.336,88.336,31,0
-0.011443,1.3067,0,0.019057,6425,1,2.352,88.352,31,0
-0.011671,1.3079,0,0.018993,6425,1,2.368,88.368,31,0
-0.0119,1.3091,0,0.01893,6425,1,2.384,88.384,31,0
-0.012129,1.3103,0,0.018866,6425,1,2.4,88.4,31,0
-0.012357,1.3115,0,0.018802,6425,1,2.416,88.416,31,0
-0.012586,1.3127,0,0.018738,6425,1,2.432,88.432,31,0
-0.012814,1.3139,0,0.018674,6425,1,2.448,88.448,31,0
-0.013043,1.315,0,0.018611,6425,1,2.464,88.464,31,0
-0.013272,1.3162,0,0.018547,6425,1,2.48,88.48,31,0
-0.0135,1.3174,0,0.018483,6425,1,2.496,88.496,31,0
-0.013729,1.3186,0,0.018419,6425,1,2.512,88.512,31,0
-0.013957,1.3198,0,0.018355,6425,1,2.528,88.528,31,0
-0.014186,1.321,0,0.018292,6425,1,2.544,88.544,31,0
-0.014415,1.3222,0,0.018228,6425,1,2.56,88.56,31,0
-0.014643,1.3234,0,0.018164,6425,1,2.576,88.576,31,0
-0.014872,1.3245,0,0.0181,6425,1,2.592,88.592,31,0
-0.015101,1.3257,0,0.018036,6425,1,2.608,88.608,31,0
-0.015329,1.3269,0,0.017973,6425,1,2.624,88.624,31,0
-0.015558,1.3281,0,0.017909,6425,1,2.64,88.64,31,0
-0.015786,1.3293,0,0.017845,6425,1,2.656,88.656,31,0
-0.016015,1.3305,0,0.017781,6425,1,2.672,88.672,31,0
-0.016246,1.3314,0,0.017709,8608,1,2.688,88.688,31,0
-0.016477,1.3323,0,0.017633,8608,1,2.704,88.704,31,0
-0.016709,1.3332,0,0.017557,8608,1,2.72,88.72,31,0
-0.01694,1.334,0,0.017481,8608,1,2.736,88.736,31,0
-0.017172,1.3349,0,0.017405,8608,1,2.752,88.752,31,0
-0.017404,1.3357,0,0.017329,8608,1,2.768,88.768,31,0
-0.017635,1.3366,0,0.017253,8608,1,2.784,88.784,31,0
-0.017867,1.3374,0,0.017178,8608,1,2.8,88.8,31,0
-0.018098,1.3383,0,0.017102,8608,1,2.816,88.816,31,0
-0.01833,1.3392,0,0.017026,8608,1,2.832,88.832,31,0
-0.018562,1.34,0,0.01695,8608,1,2.848,88.848,31,0
-0.018793,1.3409,0,0.016874,8608,1,2.864,88.864,31,0
-0.019025,1.3417,0,0.016798,8608,1,2.88,88.88,31,0
-0.019257,1.3426,0,0.016722,8608,1,2.896,88.896,31,0
-0.019488,1.3435,0,0.016646,8608,1,2.912,88.912,31,0
-0.01972,1.3443,0,0.01657,8608,1,2.928,88.928,31,0
-0.019951,1.3452,0,0.016494,8608,1,2.944,88.944,31,0
-0.020183,1.346,0,0.016418,8608,1,2.96,88.96,31,0
-0.020414,1.3469,0,0.016343,8608,1,2.976,88.976,31,0
-0.020646,1.3477,0,0.016267,8608,1,2.992,88.992,31,0
-0.020878,1.3486,0,0.016191,8608,1,3.008,89.008,31,0
-0.021109,1.3495,0,0.016115,8608,1,3.024,89.024,31,0
-0.021341,1.3503,0,0.016039,8608,1,3.04,89.04,31,0
-0.021572,1.3512,0,0.015963,8608,1,3.056,89.056,31,0
-0.021765,1.3517,0,0.015889,6426,1,3.072,89.072,31,0
-0.021944,1.3522,0,0.015816,6426,1,3.088,89.088,31,0
-0.022122,1.3526,0,0.015743,6426,1,3.104,89.104,31,0
-0.022301,1.353,0,0.015669,6426,1,3.12,89.12,31,0
-0.02248,1.3535,0,0.015596,6426,1,3.136,89.136,31,0
-0.022658,1.3539,0,0.015523,6426,1,3.152,89.152,31,0
-0.022837,1.3543,0,0.01545,6426,1,3.168,89.168,31,0
-0.023016,1.3548,0,0.015377,6426,1,3.184,89.184,31,0
-0.023194,1.3552,0,0.015303,6426,1,3.2,89.2,31,0
-0.023373,1.3556,0,0.01523,6426,1,3.216,89.216,31,0
-0.023552,1.3561,0,0.015157,6426,1,3.232,89.232,31,0
-0.023731,1.3565,0,0.015084,6426,1,3.248,89.248,31,0
-0.023909,1.357,0,0.015011,6426,1,3.264,89.264,31,0
-0.024088,1.3574,0,0.014937,6426,1,3.28,89.28,31,0
-0.024267,1.3578,0,0.014864,6426,1,3.296,89.296,31,0
-0.024445,1.3583,0,0.014791,6426,1,3.312,89.312,31,0
-0.024624,1.3587,0,0.014718,6426,1,3.328,89.328,31,0
-0.024803,1.3591,0,0.014645,6426,1,3.344,89.344,31,0
-0.024981,1.3596,0,0.014571,6426,1,3.36,89.36,31,0
-0.02516,1.36,0,0.014498,6426,1,3.376,89.376,31,0
-0.025339,1.3604,0,0.014425,6426,1,3.392,89.392,31,0
-0.025517,1.3609,0,0.014352,6426,1,3.408,89.408,31,0
-0.025696,1.3613,0,0.014279,6426,1,3.424,89.424,31,0
-0.025875,1.3618,0,0.014205,6426,1,3.44,89.44,31,0
-0.026054,1.3622,0,0.014132,6426,1,3.456,89.456,31,0
-0.026232,1.3626,0,0.014059,6426,1,3.472,89.472,31,0
-0.026411,1.3631,0,0.013986,6426,1,3.488,89.488,31,0
-0.02659,1.3635,0,0.013913,6426,1,3.504,89.504,31,0
-0.026768,1.3639,0,0.013839,6426,1,3.52,89.52,31,0
-0.026914,1.3641,0,0.01376,8609,1,3.536,89.536,31,0
-0.027058,1.3643,0,0.013681,8609,1,3.552,89.552,31,0
-0.027203,1.3644,0,0.013602,8609,1,3.568,89.568,31,0
-0.027348,1.3646,0,0.013522,8609,1,3.584,89.584,31,0
-0.027492,1.3648,0,0.013443,8609,1,3.6,89.6,31,0
-0.027637,1.3649,0,0.013364,8609,1,3.616,89.616,31,0
-0.027782,1.3651,0,0.013284,8609,1,3.632,89.632,31,0
-0.027926,1.3652,0,0.013205,8609,1,3.648,89.648,31,0
-0.028071,1.3654,0,0.013126,8609,1,3.664,89.664,31,0
-0.028216,1.3656,0,0.013046,8609,1,3.68,89.68,31,0
-0.02836,1.3657,0,0.012967,8609,1,3.696,89.696,31,0
-0.028505,1.3659,0,0.012888,8609,1,3.712,89.712,31,0
-0.02865,1.3661,0,0.012808,8609,1,3.728,89.728,31,0
-0.028794,1.3662,0,0.012729,8609,1,3.744,89.744,31,0
-0.028939,1.3664,0,0.01265,8609,1,3.76,89.76,31,0
-0.029084,1.3666,0,0.01257,8609,1,3.776,89.776,31,0
-0.029228,1.3667,0,0.012491,8609,1,3.792,89.792,31,0
-0.029373,1.3669,0,0.012412,8609,1,3.808,89.808,31,0
-0.029518,1.3671,0,0.012332,8609,1,3.824,89.824,31,0
-0.029662,1.3672,0,0.012253,8609,1,3.84,89.84,31,0
-0.029807,1.3674,0,0.012174,8609,1,3.856,89.856,31,0
-0.029952,1.3675,0,0.012094,8609,1,3.872,89.872,31,0
-0.030096,1.3677,0,0.012015,8609,1,3.888,89.888,31,0
-0.030241,1.3679,0,0.011936,8609,1,3.904,89.904,31,0
-0.030386,1.368,0,0.011856,8609,1,3.92,89.92,31,0
-0.03053,1.3682,0,0.011777,8609,1,3.936,89.936,31,0
-0.030675,1.3684,0,0.011698,8609,1,3.952,89.952,31,0
-0.03082,1.3685,0,0.011618,8609,1,3.968,89.968,31,0
-0.030956,1.3687,0,0.011541,6427,1,3.984,89.984,31,0
-0.031064,1.3687,0,0.01147,6427,1,4,90,31,0
-0.031172,1.3688,0,0.011399,6427,1,4.016,90.016,31,0
-0.03128,1.3688,0,0.011328,6427,1,4.032,90.032,31,0
-0.031388,1.3689,0,0.011256,6427,1,4.048,90.048,31,0
-0.031495,1.3689,0,0.011185,6427,1,4.064,90.064,31,0
-0.031603,1.369,0,0.011114,6427,1,4.08,90.08,31,0
-0.031711,1.369,0,0.011043,6427,1,4.096,90.096,31,0
-0.031819,1.3691,0,0.010972,6427,1,4.112,90.112,31,0
-0.031927,1.3691,0,0.010901,6427,1,4.128,90.128,31,0
-0.032035,1.3692,0,0.01083,6427,1,4.144,90.144,31,0
-0.032142,1.3692,0,0.010758,6427,1,4.16,90.16,31,0
-0.03225,1.3693,0,0.010687,6427,1,4.176,90.176,31,0
-0.032358,1.3693,0,0.010616,6427,1,4.192,90.192,31,0
-0.032466,1.3694,0,0.010545,6427,1,4.208,90.208,31,0
-0.032574,1.3694,0,0.010474,6427,1,4.224,90.224,31,0
-0.032682,1.3695,0,0.010403,6427,1,4.24,90.24,31,0
-0.03279,1.3695,0,0.010332,6427,1,4.256,90.256,31,0
-0.032897,1.3696,0,0.010261,6427,1,4.272,90.272,31,0
-0.033005,1.3696,0,0.010189,6427,1,4.288,90.288,31,0
-0.033113,1.3697,0,0.010118,6427,1,4.304,90.304,31,0
-0.033221,1.3697,0,0.010047,6427,1,4.32,90.32,31,0
-0.033329,1.3698,0,0.009976,6427,1,4.336,90.336,31,0
-0.033437,1.3698,0,0.0099049,6427,1,4.352,90.352,31,0
-0.033544,1.3699,0,0.0098338,6427,1,4.368,90.368,31,0
-0.033652,1.3699,0,0.0097626,6427,1,4.384,90.384,31,0
-0.03376,1.37,0,0.0096915,6427,1,4.4,90.4,31,0
-0.033868,1.37,0,0.0096204,6427,1,4.416,90.416,31,0
-0.033976,1.3701,0,0.0095493,6427,1,4.432,90.432,31,0
-0.034084,1.3701,0,0.0094781,6427,1,4.448,90.448,31,0
-0.034192,1.3702,0,0.009407,6427,1,4.464,90.464,31,0
-0.034299,1.3702,0,0.0093359,6427,1,4.48,90.48,31,0
-0.034407,1.3703,0,0.0092647,6427,1,4.496,90.496,31,0
-0.034515,1.3703,0,0.0091936,6427,1,4.512,90.512,31,0
-0.034623,1.3704,0,0.0091225,6427,1,4.528,90.528,31,0
-0.034713,1.3704,0,0.0090481,8610,1,4.544,90.544,31,0
-0.034796,1.3704,0,0.0089723,8610,1,4.56,90.56,31,0
-0.034878,1.3704,0,0.0088965,8610,1,4.576,90.576,31,0
-0.034961,1.3704,0,0.0088207,8610,1,4.592,90.592,31,0
-0.035043,1.3704,0,0.0087449,8610,1,4.608,90.608,31,0
-0.035126,1.3705,0,0.0086691,8610,1,4.624,90.624,31,0
-0.035209,1.3705,0,0.0085934,8610,1,4.64,90.64,31,0
-0.035291,1.3705,0,0.0085176,8610,1,4.656,90.656,31,0
-0.035374,1.3705,0,0.0084418,8610,1,4.672,90.672,31,0
-0.035457,1.3705,0,0.008366,8610,1,4.688,90.688,31,0
-0.035539,1.3705,0,0.0082902,8610,1,4.704,90.704,31,0
-0.035622,1.3705,0,0.0082144,8610,1,4.72,90.72,31,0
-0.035705,1.3705,0,0.0081387,8610,1,4.736,90.736,31,0
-0.035787,1.3705,0,0.0080629,8610,1,4.752,90.752,31,0
-0.03587,1.3705,0,0.0079871,8610,1,4.768,90.768,31,0
-0.035952,1.3705,0,0.0079113,8610,1,4.784,90.784,31,0
-0.036035,1.3705,0,0.0078355,8610,1,4.8,90.8,31,0
-0.036118,1.3705,0,0.0077598,8610,1,4.816,90.816,31,0
-0.0362,1.3705,0,0.007684,8610,1,4.832,90.832,31,0
-0.036283,1.3706,0,0.0076082,8610,1,4.848,90.848,31,0
-0.036366,1.3706,0,0.0075324,8610,1,4.864,90.864,31,0
-0.036448,1.3706,0,0.0074566,8610,1,4.88,90.88,31,0
-0.036531,1.3706,0,0.0073808,8610,1,4.896,90.896,31,0
-0.036614,1.3706,0,0.0073051,8610,1,4.912,90.912,31,0
-0.036696,1.3706,0,0.0072293,8610,1,4.928,90.928,31,0
-0.036779,1.3706,0,0.0071535,8610,1,4.944,90.944,31,0
-0.036861,1.3706,0,0.0070777,8610,1,4.96,90.96,31,0
-0.036944,1.3706,0,0.007002,8610,1,4.976,90.976,31,0
-0.037027,1.3706,0,0.0069262,8610,1,4.992,90.992,31,0
-0.037109,1.3706,0,0.0068504,8610,1,5.008,91.008,31,0
-0.037192,1.3706,0,0.0067746,8610,1,5.024,91.024,31,0
-0.037275,1.3706,0,0.0066988,8610,1,5.04,91.04,31,0
-0.037357,1.3706,0,0.006623,8610,1,5.056,91.056,31,0
-0.03744,1.3706,0,0.0065473,8610,1,5.072,91.072,31,0
-0.037514,1.3706,0,0.0064735,6428,1,5.088,91.088,31,0
-0.037557,1.3706,0,0.0064076,6428,1,5.104,91.104,31,0
-0.037601,1.3705,0,0.0063416,6428,1,5.12,91.12,31,0
-0.037644,1.3705,0,0.0062756,6428,1,5.136,91.136,31,0
-0.037687,1.3704,0,0.0062097,6428,1,5.152,91.152,31,0
-0.03773,1.3703,0,0.0061437,6428,1,5.168,91.168,31,0
-0.037773,1.3703,0,0.0060778,6428,1,5.184,91.184,31,0
-0.037816,1.3702,0,0.0060119,6428,1,5.2,91.2,31,0
-0.037859,1.3702,0,0.0059459,6428,1,5.216,91.216,31,0
-0.037902,1.3701,0,0.0058799,6428,1,5.232,91.232,31,0
-0.037945,1.3701,0,0.005814,6428,1,5.248,91.248,31,0
-0.037988,1.37,0,0.005748,6428,1,5.264,91.264,31,0
-0.038031,1.3699,0,0.0056821,6428,1,5.28,91.28,31,0
-0.038074,1.3699,0,0.0056161,6428,1,5.296,91.296,31,0
-0.038117,1.3698,0,0.0055502,6428,1,5.312,91.312,31,0
-0.03816,1.3698,0,0.0054842,6428,1,5.328,91.328,31,0
-0.038203,1.3697,0,0.0054183,6428,1,5.344,91.344,31,0
-0.038246,1.3696,0,0.0053523,6428,1,5.36,91.36,31,0
-0.038289,1.3696,0,0.0052864,6428,1,5.376,91.376,31,0
-0.038332,1.3695,0,0.0052204,6428,1,5.392,91.392,31,0
-0.038376,1.3695,0,0.0051545,6428,1,5.408,91.408,31,0
-0.038419,1.3694,0,0.0050885,6428,1,5.424,91.424,31,0
-0.038462,1.3693,0,0.0050226,6428,1,5.44,91.44,31,0
-0.038505,1.3693,0,0.0049566,6428,1,5.456,91.456,31,0
-0.038548,1.3692,0,0.0048907,6428,1,5.472,91.472,31,0
-0.038591,1.3692,0,0.0048247,6428,1,5.488,91.488,31,0
-0.038634,1.3691,0,0.0047588,6428,1,5.504,91.504,31,0
-0.038677,1.3691,0,0.0046928,6428,1,5.52,91.52,31,0
-0.03872,1.369,0,0.0046269,6428,1,5.536,91.536,31,0
-0.038763,1.3689,0,0.0045609,6428,1,5.552,91.552,31,0
-0.038806,1.3689,0,0.004495,6428,1,5.568,91.568,31,0
-0.038849,1.3688,0,0.004429,6428,1,5.584,91.584,31,0
-0.038892,1.3688,0,0.0043631,6428,1,5.6,91.6,31,0
-0.038935,1.3687,0,0.0042971,6428,1,5.616,91.616,31,0
-0.038978,1.3686,0,0.0042311,6428,1,5.632,91.632,31,0
-0.039021,1.3686,0,0.0041652,6428,1,5.648,91.648,31,0
-0.039064,1.3685,0,0.0040993,6428,1,5.664,91.664,31,0
-0.039108,1.3685,0,0.0040333,6428,1,5.68,91.68,31,0
-0.039151,1.3684,0,0.0039674,6428,1,5.696,91.696,31,0
-0.039194,1.3683,0,0.0039014,6428,1,5.712,91.712,31,0
-0.039237,1.3683,0,0.0038355,6428,1,5.728,91.728,31,0
-0.03928,1.3682,0,0.0037695,6428,1,5.744,91.744,31,0
-0.039311,1.3682,0,0.0037006,8611,1,5.76,91.76,31,0
-0.039339,1.3682,0,0.003631,8611,1,5.776,91.776,31,0
-0.039367,1.3681,0,0.0035614,8611,1,5.792,91.792,31,0
-0.039394,1.3681,0,0.0034918,8611,1,5.808,91.808,31,0
-0.039422,1.3681,0,0.0034221,8611,1,5.824,91.824,31,0
-0.03945,1.368,0,0.0033525,8611,1,5.84,91.84,31,0
-0.039478,1.368,0,0.0032829,8611,1,5.856,91.856,31,0
-0.039506,1.368,0,0.0032132,8611,1,5.872,91.872,31,0
-0.039534,1.3679,0,0.0031436,8611,1,5.888,91.888,31,0
-0.039562,1.3679,0,0.003074,8611,1,5.904,91.904,31,0
-0.039589,1.3679,0,0.0030044,8611,1,5.92,91.92,31,0
-0.039617,1.3678,0,0.0029347,8611,1,5.936,91.936,31,0
-0.039645,1.3678,0,0.0028651,8611,1,5.952,91.952,31,0
-0.039673,1.3678,0,0.0027955,8611,1,5.968,91.968,31,0
-0.039701,1.3677,0,0.0027258,8611,1,5.984,91.984,31,0
-0.039729,1.3677,0,0.0026562,8611,1,6,92,31,0
-0.039757,1.3677,0,0.0025866,8611,1,6.016,92.016,31,0
-0.039785,1.3676,0,0.002517,8611,1,6.032,92.032,31,0
-0.039812,1.3676,0,0.0024473,8611,1,6.048,92.048,31,0
-0.03984,1.3676,0,0.0023777,8611,1,6.064,92.064,31,0
-0.039868,1.3675,0,0.0023081,8611,1,6.08,92.08,31,0
-0.039896,1.3675,0,0.0022384,8611,1,6.096,92.096,31,0
-0.039924,1.3675,0,0.0021688,8611,1,6.112,92.112,31,0
-0.039952,1.3674,0,0.0020992,8611,1,6.128,92.128,31,0
-0.03998,1.3674,0,0.0020296,8611,1,6.144,92.144,31,0
-0.040007,1.3674,0,0.0019599,8611,1,6.16,92.16,31,0
-0.040035,1.3673,0,0.0018903,8611,1,6.176,92.176,31,0
-0.040063,1.3673,0,0.0018207,8611,1,6.192,92.192,31,0
-0.040091,1.3673,0,0.001751,8611,1,6.208,92.208,31,0
-0.040119,1.3672,0,0.0016814,8611,1,6.224,92.224,31,0
-0.040147,1.3672,0,0.0016118,8611,1,6.24,92.24,31,0
-0.040175,1.3672,0,0.0015422,8611,1,6.256,92.256,31,0
-0.040203,1.3671,0,0.0014725,8611,1,6.272,92.272,31,0
-0.04023,1.3671,0,0.0014029,8611,1,6.288,92.288,31,0
-0.040258,1.3671,0,0.0013333,8611,1,6.304,92.304,31,0
-0.040286,1.367,0,0.0012637,8611,1,6.32,92.32,31,0
-0.040314,1.367,0,0.001194,8611,1,6.336,92.336,31,0
-0.040342,1.367,0,0.0011244,8611,1,6.352,92.352,31,0
-0.04037,1.3669,0,0.0010548,8611,1,6.368,92.368,31,0
-0.040398,1.3669,0,0.00098512,8611,1,6.384,92.384,31,0
-0.040426,1.3669,0,0.0009155,8611,1,6.4,92.4,31,0
-0.040443,1.3669,0,0.00084615,6429,1,6.416,92.416,31,0
-0.040446,1.3669,0,0.00077722,6429,1,6.432,92.432,31,0
-0.040448,1.3669,0,0.0007083,6429,1,6.448,92.448,31,0
-0.04045,1.367,0,0.00063938,6429,1,6.464,92.464,31,0
-0.040453,1.367,0,0.00057042,6429,1,6.48,92.48,31,0
-0.040455,1.367,0,0.00050149,6429,1,6.496,92.496,31,0
-0.040457,1.3671,0,0.00043257,6429,1,6.512,92.512,31,0
-0.04046,1.3671,0,0.00036364,6429,1,6.528,92.528,31,0
-0.040462,1.3671,0,0.00029472,6429,1,6.544,92.544,31,0
-0.040464,1.3671,0,0.0002258,6429,1,6.56,92.56,31,0
-0.040467,1.3672,0,0.00015687,6429,1,6.576,92.576,31,0
-0.040469,1.3672,0,8.7914e-05,6429,1,6.592,92.592,31,0
-0.040471,1.3672,0,1.8989e-05,6429,1,6.608,92.608,31,0
-0.040473,1.3673,0,-4.9935e-05,6429,1,6.624,92.624,31,0
-0.040476,1.3673,0,-0.00011886,6429,1,6.64,92.64,31,0
-0.040478,1.3673,0,-0.00018778,6429,1,6.656,92.656,31,0
-0.04048,1.3674,0,-0.00025671,6429,1,6.672,92.672,31,0
-0.040483,1.3674,0,-0.00032567,6429,1,6.688,92.688,31,0
-0.040485,1.3674,0,-0.00039459,6429,1,6.704,92.704,31,0
-0.040487,1.3674,0,-0.00046352,6429,1,6.72,92.72,31,0
-0.04049,1.3675,0,-0.00053244,6429,1,6.736,92.736,31,0
-0.040492,1.3675,0,-0.00060136,6429,1,6.752,92.752,31,0
-0.040494,1.3675,0,-0.00067029,6429,1,6.768,92.768,31,0
-0.040497,1.3676,0,-0.00073921,6429,1,6.784,92.784,31,0
-0.040499,1.3676,0,-0.00080817,6429,1,6.8,92.8,31,0
-0.040501,1.3676,0,-0.00087709,6429,1,6.816,92.816,31,0
-0.040503,1.3677,0,-0.00094602,6429,1,6.832,92.832,31,0
-0.040506,1.3677,0,-0.0010149,6429,1,6.848,92.848,31,0
-0.040508,1.3677,0,-0.0010839,6429,1,6.864,92.864,31,0
-0.04051,1.3677,0,-0.0011528,6429,1,6.88,92.88,31,0
-0.040513,1.3678,0,-0.0012218,6429,1,6.896,92.896,31,0
-0.040515,1.3678,0,-0.0012907,6429,1,6.912,92.912,31,0
-0.040517,1.3678,0,-0.0013596,6429,1,6.928,92.928,31,0
-0.04052,1.3679,0,-0.0014285,6429,1,6.944,92.944,31,0
-0.040522,1.3679,0,-0.0014974,6429,1,6.96,92.96,31,0
-0.040524,1.3679,0,-0.0015664,6429,1,6.976,92.976,31,0
-0.040526,1.368,0,-0.0016353,6429,1,6.992,92.992,31,0
-0.040529,1.368,0,-0.0017043,6429,1,7.008,93.008,31,0
-0.040531,1.368,0,-0.0017732,6429,1,7.024,93.024,31,0
-0.040533,1.368,0,-0.0018421,6429,1,7.04,93.04,31,0
-0.040536,1.3681,0,-0.001911,6429,1,7.056,93.056,31,0
-0.040538,1.3681,0,-0.00198,6429,1,7.072,93.072,31,0
-0.04054,1.3681,0,-0.0020489,6429,1,7.088,93.088,31,0
-0.040543,1.3682,0,-0.0021178,6429,1,7.104,93.104,31,0
-0.040545,1.3682,0,-0.0021868,6429,1,7.12,93.12,31,0
-0.040547,1.3682,0,-0.0022557,6429,1,7.136,93.136,31,0
-0.04055,1.3683,0,-0.0023246,6429,1,7.152,93.152,31,0
-0.040552,1.3683,0,-0.0023935,6429,1,7.168,93.168,31,0
-0.040554,1.3683,0,-0.0024625,6429,1,7.184,93.184,31,0
-0.040556,1.3683,0,-0.0025314,6429,1,7.2,93.2,31,0
-0.040552,1.3685,0,-0.0026101,8612,1,7.216,93.216,31,0
-0.040544,1.3687,0,-0.0026931,8612,1,7.232,93.232,31,0
-0.040536,1.3689,0,-0.0027762,8612,1,7.248,93.248,31,0
-0.040528,1.3691,0,-0.0028592,8612,1,7.264,93.264,31,0
-0.04052,1.3692,0,-0.0029422,8612,1,7.28,93.28,31,0
-0.040512,1.3694,0,-0.0030252,8612,1,7.296,93.296,31,0
-0.040503,1.3696,0,-0.0031082,8612,1,7.312,93.312,31,0
-0.040495,1.3698,0,-0.0031913,8612,1,7.328,93.328,31,0
-0.040487,1.37,0,-0.0032743,8612,1,7.344,93.344,31,0
-0.040479,1.3702,0,-0.0033573,8612,1,7.36,93.36,31,0
-0.040471,1.3704,0,-0.0034404,8612,1,7.376,93.376,31,0
-0.040463,1.3706,0,-0.0035234,8612,1,7.392,93.392,31,0
-0.040455,1.3707,0,-0.0036064,8612,1,7.408,93.408,31,0
-0.040447,1.3709,0,-0.0036895,8612,1,7.424,93.424,31,0
-0.040439,1.3711,0,-0.0037725,8612,1,7.44,93.44,31,0
-0.040431,1.3713,0,-0.0038555,8612,1,7.456,93.456,31,0
-0.040423,1.3715,0,-0.0039385,8612,1,7.472,93.472,31,0
-0.040415,1.3717,0,-0.0040215,8612,1,7.488,93.488,31,0
-0.040407,1.3719,0,-0.0041046,8612,1,7.504,93.504,31,0
-0.040399,1.3721,0,-0.0041876,8612,1,7.52,93.52,31,0
-0.040391,1.3722,0,-0.0042706,8612,1,7.536,93.536,31,0
-0.040383,1.3724,0,-0.0043537,8612,1,7.552,93.552,31,0
-0.040375,1.3726,0,-0.0044367,8612,1,7.568,93.568,31,0
-0.040367,1.3728,0,-0.0045197,8612,1,7.584,93.584,31,0
-0.040359,1.373,0,-0.0046027,8612,1,7.6,93.6,31,0
-0.040351,1.3732,0,-0.0046857,8612,1,7.616,93.616,31,0
-0.040343,1.3734,0,-0.0047688,8612,1,7.632,93.632,31,0
-0.040335,1.3736,0,-0.0048518,8612,1,7.648,93.648,31,0
-0.040327,1.3737,0,-0.0049348,8612,1,7.664,93.664,31,0
-0.040319,1.3739,0,-0.0050179,8612,1,7.68,93.68,31,0
-0.040311,1.3741,0,-0.0051009,8612,1,7.696,93.696,31,0
-0.040303,1.3743,0,-0.0051839,8612,1,7.712,93.712,31,0
-0.040295,1.3745,0,-0.0052669,8612,1,7.728,93.728,31,0
-0.040287,1.3747,0,-0.00535,8612,1,7.744,93.744,31,0
-0.040279,1.3749,0,-0.005433,8612,1,7.76,93.76,31,0
-0.040271,1.3751,0,-0.005516,8612,1,7.776,93.776,31,0
-0.040263,1.3752,0,-0.005599,8612,1,7.792,93.792,31,0
-0.040255,1.3754,0,-0.005682,8612,1,7.808,93.808,31,0
-0.040247,1.3756,0,-0.0057651,8612,1,7.824,93.824,31,0
-0.040239,1.3758,0,-0.0058481,8612,1,7.84,93.84,31,0
-0.040231,1.376,0,-0.0059311,8612,1,7.856,93.856,31,0
-0.040223,1.3762,0,-0.0060142,8612,1,7.872,93.872,31,0
-0.040215,1.3764,0,-0.0060972,8612,1,7.888,93.888,31,0
-0.040207,1.3766,0,-0.0061802,8612,1,7.904,93.904,31,0
-0.040199,1.3768,0,-0.0062632,8612,1,7.92,93.92,31,0
-0.040191,1.3769,0,-0.0063462,8612,1,7.936,93.936,31,0
-0.040183,1.3771,0,-0.0064293,8612,1,7.952,93.952,31,0
-0.040175,1.3773,0,-0.0065123,8612,1,7.968,93.968,31,0
-0.040167,1.3775,0,-0.0065953,8612,1,7.984,93.984,31,0
-0.040159,1.3777,0,-0.0066784,6430,1,8,94,31,0
-0.040147,1.3783,0,-0.0067848,6430,1,8.016,94.016,31,0
-0.040135,1.3789,0,-0.0068912,6430,1,8.032,94.032,31,0
-0.040123,1.3795,0,-0.0069976,6430,1,8.048,94.048,31,0
-0.040112,1.3801,0,-0.007104,6430,1,8.064,94.064,31,0
-0.0401,1.3807,0,-0.0072104,6430,1,8.08,94.08,31,0
-0.040088,1.3813,0,-0.0073168,6430,1,8.096,94.096,31,0
-0.040077,1.3819,0,-0.0074232,6430,1,8.112,94.112,31,0
-0.040065,1.3825,0,-0.0075296,6430,1,8.128,94.128,31,0
-0.040053,1.3831,0,-0.0076361,6430,1,8.144,94.144,31,0
-0.040042,1.3837,0,-0.0077425,6430,1,8.16,94.16,31,0
-0.04003,1.3843,0,-0.0078489,6430,1,8.176,94.176,31,0
-0.040018,1.3849,0,-0.0079553,6430,1,8.192,94.192,31,0
-0.040007,1.3855,0,-0.0080617,6430,1,8.208,94.208,31,0
-0.039995,1.3861,0,-0.0081681,6430,1,8.224,94.224,31,0
-0.039983,1.3867,0,-0.0082745,6430,1,8.24,94.24,31,0
-0.039971,1.3873,0,-0.0083809,6430,1,8.256,94.256,31,0
-0.03996,1.3879,0,-0.0084874,6430,1,8.272,94.272,31,0
-0.039948,1.3885,0,-0.0085938,6430,1,8.288,94.288,31,0
-0.039936,1.3891,0,-0.0087002,6430,1,8.304,94.304,31,0
-0.039925,1.3897,0,-0.0088066,6430,1,8.32,94.32,31,0
-0.039913,1.3903,0,-0.008913,6430,1,8.336,94.336,31,0
-0.039901,1.391,0,-0.0090194,6430,1,8.352,94.352,31,0
-0.03989,1.3916,0,-0.0091258,6430,1,8.368,94.368,31,0
-0.039878,1.3922,0,-0.0092323,6430,1,8.384,94.384,31,0
-0.039866,1.3928,0,-0.0093387,6430,1,8.4,94.4,31,0
-0.039855,1.3934,0,-0.0094451,6430,1,8.416,94.416,31,0
-0.039843,1.394,0,-0.0095515,6430,1,8.432,94.432,31,0
-0.039831,1.3946,0,-0.0096579,6430,1,8.448,94.448,31,0
-0.039819,1.3952,0,-0.0097643,6430,1,8.464,94.464,31,0
-0.039808,1.3958,0,-0.0098707,6430,1,8.48,94.48,31,0
-0.039796,1.3964,0,-0.0099771,6430,1,8.496,94.496,31,0
-0.039784,1.397,0,-0.010084,6430,1,8.512,94.512,31,0
-0.039773,1.3976,0,-0.01019,6430,1,8.528,94.528,31,0
-0.039761,1.3982,0,-0.010296,6430,1,8.544,94.544,31,0
-0.039749,1.3988,0,-0.010403,6430,1,8.56,94.56,31,0
-0.039738,1.3994,0,-0.010509,6430,1,8.576,94.576,31,0
-0.039726,1.4,0,-0.010616,6430,1,8.592,94.592,31,0
-0.039714,1.4006,0,-0.010722,6430,1,8.608,94.608,31,0
-0.039703,1.4012,0,-0.010828,6430,1,8.624,94.624,31,0
-0.039691,1.4018,0,-0.010935,6430,1,8.64,94.64,31,0
-0.039679,1.4024,0,-0.011041,6430,1,8.656,94.656,31,0
-0.039668,1.403,0,-0.011148,6430,1,8.672,94.672,31,0
-0.039656,1.4036,0,-0.011254,6430,1,8.688,94.688,31,0
-0.039644,1.4042,0,-0.01136,6430,1,8.704,94.704,31,0
-0.039632,1.4048,0,-0.011467,6430,1,8.72,94.72,31,0
-0.039621,1.4054,0,-0.011573,6430,1,8.736,94.736,31,0
-0.039609,1.406,0,-0.01168,6430,1,8.752,94.752,31,0
-0.039597,1.4066,0,-0.011786,6430,1,8.768,94.768,31,0
-0.039586,1.4072,0,-0.011893,6430,1,8.784,94.784,31,0
-0.039579,1.408,0,-0.012011,8613,1,8.8,94.8,31,0
-0.039583,1.4093,0,-0.012156,8613,1,8.816,94.816,31,0
-0.039587,1.4106,0,-0.012302,8613,1,8.832,94.832,31,0
-0.03959,1.4119,0,-0.012447,8613,1,8.848,94.848,31,0
-0.039594,1.4132,0,-0.012593,8613,1,8.864,94.864,31,0
-0.039598,1.4145,0,-0.012738,8613,1,8.88,94.88,31,0
-0.039602,1.4158,0,-0.012884,8613,1,8.896,94.896,31,0
-0.039606,1.4171,0,-0.013029,8613,1,8.912,94.912,31,0
-0.03961,1.4184,0,-0.013175,8613,1,8.928,94.928,31,0
-0.039614,1.4197,0,-0.01332,8613,1,8.944,94.944,31,0
-0.039618,1.421,0,-0.013466,8613,1,8.96,94.96,31,0
-0.039622,1.4223,0,-0.013611,8613,1,8.976,94.976,31,0
-0.039625,1.4236,0,-0.013757,8613,1,8.992,94.992,31,0
-0.039629,1.4249,0,-0.013902,8613,1,9.008,95.008,31,0
-0.039633,1.4262,0,-0.014048,8613,1,9.024,95.024,31,0
-0.039637,1.4275,0,-0.014193,8613,1,9.04,95.04,31,0
-0.039641,1.4288,0,-0.014339,8613,1,9.056,95.056,31,0
-0.039645,1.4301,0,-0.014484,8613,1,9.072,95.072,31,0
-0.039649,1.4314,0,-0.01463,8613,1,9.088,95.088,31,0
-0.039653,1.4327,0,-0.014775,8613,1,9.104,95.104,31,0
-0.039657,1.434,0,-0.014921,8613,1,9.12,95.12,31,0
-0.03966,1.4353,0,-0.015066,8613,1,9.136,95.136,31,0
-0.039664,1.4366,0,-0.015212,8613,1,9.152,95.152,31,0
-0.039668,1.4379,0,-0.015357,8613,1,9.168,95.168,31,0
-0.039672,1.4392,0,-0.015503,8613,1,9.184,95.184,31,0
-0.039676,1.4405,0,-0.015648,8613,1,9.2,95.2,31,0
-0.03968,1.4418,0,-0.015794,8613,1,9.216,95.216,31,0
-0.039684,1.4431,0,-0.015939,8613,1,9.232,95.232,31,0
-0.039688,1.4444,0,-0.016085,8613,1,9.248,95.248,31,0
-0.039692,1.4457,0,-0.01623,8613,1,9.264,95.264,31,0
-0.039695,1.447,0,-0.016376,8613,1,9.28,95.28,31,0
-0.039699,1.4483,0,-0.016521,8613,1,9.296,95.296,31,0
-0.039703,1.4496,0,-0.016667,8613,1,9.312,95.312,31,0
-0.039707,1.4509,0,-0.016812,8613,1,9.328,95.328,31,0
-0.039711,1.4522,0,-0.016958,8613,1,9.344,95.344,31,0
-0.039715,1.4535,0,-0.017103,8613,1,9.36,95.36,31,0
-0.039719,1.4548,0,-0.017249,8613,1,9.376,95.376,31,0
-0.039723,1.4561,0,-0.017394,8613,1,9.392,95.392,31,0
-0.039727,1.4574,0,-0.01754,8613,1,9.408,95.408,31,0
-0.03973,1.4587,0,-0.017685,8613,1,9.424,95.424,31,0
-0.039734,1.46,0,-0.017831,8613,1,9.44,95.44,31,0
-0.039738,1.4613,0,-0.017976,8613,1,9.456,95.456,31,0
-0.039742,1.4626,0,-0.018122,8613,1,9.472,95.472,31,0
-0.039746,1.4639,0,-0.018267,8613,1,9.488,95.488,31,0
-0.03975,1.4652,0,-0.018413,8613,1,9.504,95.504,31,0
-0.039754,1.4665,0,-0.018558,8613,1,9.52,95.52,31,0
-0.039758,1.4678,0,-0.018704,8613,1,9.536,95.536,31,0
-0.039762,1.4691,0,-0.018849,8613,1,9.552,95.552,31,0
-0.039765,1.4703,0,-0.018995,8613,1,9.568,95.568,31,0
-0.039769,1.4716,0,-0.01914,8613,1,9.584,95.584,31,0
-0.039797,1.4742,0,-0.019328,6431,1,9.6,95.6,31,0
-0.03984,1.4777,0,-0.019544,6431,1,9.616,95.616,31,0
-0.039884,1.4811,0,-0.019759,6431,1,9.632,95.632,31,0
-0.039927,1.4845,0,-0.019974,6431,1,9.648,95.648,31,0
-0.03997,1.4879,0,-0.02019,6431,1,9.664,95.664,31,0
-0.040013,1.4913,0,-0.020405,6431,1,9.68,95.68,31,0
-0.040056,1.4947,0,-0.02062,6431,1,9.696,95.696,31,0
-0.040099,1.4982,0,-0.020836,6431,1,9.712,95.712,31,0
-0.040142,1.5016,0,-0.021051,6431,1,9.728,95.728,31,0
-0.040185,1.505,0,-0.021266,6431,1,9.744,95.744,31,0
-0.040228,1.5084,0,-0.021482,6431,1,9.76,95.76,31,0
-0.040271,1.5118,0,-0.021697,6431,1,9.776,95.776,31,0
-0.040315,1.5152,0,-0.021912,6431,1,9.792,95.792,31,0
-0.040358,1.5187,0,-0.022127,6431,1,9.808,95.808,31,0
-0.040401,1.5221,0,-0.022343,6431,1,9.824,95.824,31,0
-0.040444,1.5255,0,-0.022558,6431,1,9.84,95.84,31,0
-0.040487,1.5289,0,-0.022773,6431,1,9.856,95.856,31,0
-0.04053,1.5323,0,-0.022989,6431,1,9.872,95.872,31,0
-0.040573,1.5357,0,-0.023204,6431,1,9.888,95.888,31,0
-0.040616,1.5392,0,-0.023419,6431,1,9.904,95.904,31,0
-0.040659,1.5426,0,-0.023635,6431,1,9.92,95.92,31,0
-0.040702,1.546,0,-0.02385,6431,1,9.936,95.936,31,0
-0.040746,1.5494,0,-0.024065,6431,1,9.952,95.952,31,0
-0.040789,1.5528,0,-0.024281,6431,1,9.968,95.968,31,0
-0.040832,1.5562,0,-0.024496,6431,1,9.984,95.984,31,0
-0.040875,1.5597,0,-0.024711,6431,1,10,96,31,0
-0.040918,1.5631,0,-0.024927,6431,1,10.016,96.016,31,0
-0.040961,1.5665,0,-0.025142,6431,1,10.032,96.032,31,0
-0.041004,1.5699,0,-0.025357,6431,1,10.048,96.048,31,0
-0.041047,1.5733,0,-0.025573,6431,1,10.064,96.064,31,0
-0.04109,1.5767,0,-0.025788,6431,1,10.08,96.08,31,0
-0.041134,1.5802,0,-0.026003,6431,1,10.096,96.096,31,0
-0.041177,1.5836,0,-0.026219,6431,1,10.112,96.112,31,0
-0.04122,1.587,0,-0.026434,6431,1,10.128,96.128,31,0
-0.041263,1.5904,0,-0.026649,6431,1,10.144,96.144,31,0
-0.041306,1.5938,0,-0.026865,6431,1,10.16,96.16,31,0
-0.041349,1.5973,0,-0.02708,6431,1,10.176,96.176,31,0
-0.041392,1.6007,0,-0.027295,6431,1,10.192,96.192,31,0
-0.041435,1.6041,0,-0.02751,6431,1,10.208,96.208,31,0
-0.041478,1.6075,0,-0.027726,6431,1,10.224,96.224,31,0
-0.041521,1.6109,0,-0.027941,6431,1,10.24,96.24,31,0
-0.041573,1.6151,0,-0.028154,8614,1,10.256,96.256,31,0
-0.04166,1.6222,0,-0.028358,8614,1,10.272,96.272,31,0
-0.041746,1.6294,0,-0.028562,8614,1,10.288,96.288,31,0
-0.041833,1.6365,0,-0.028766,8614,1,10.304,96.304,31,0
-0.041919,1.6436,0,-0.02897,8614,1,10.32,96.32,31,0
-0.042006,1.6508,0,-0.029174,8614,1,10.336,96.336,31,0
-0.042092,1.6579,0,-0.029378,8614,1,10.352,96.352,31,0
-0.042179,1.6651,0,-0.029583,8614,1,10.368,96.368,31,0
-0.042265,1.6722,0,-0.029787,8614,1,10.384,96.384,31,0
-0.042352,1.6793,0,-0.029991,8614,1,10.4,96.4,31,0
-0.042438,1.6865,0,-0.030195,8614,1,10.416,96.416,31,0
-0.042524,1.6936,0,-0.030399,8614,1,10.432,96.432,31,0
-0.042611,1.7007,0,-0.030603,8614,1,10.448,96.448,31,0
-0.042697,1.7079,0,-0.030807,8614,1,10.464,96.464,31,0
-0.042784,1.715,0,-0.031011,8614,1,10.48,96.48,31,0
-0.04287,1.7221,0,-0.031215,8614,1,10.496,96.496,31,0
-0.042957,1.7293,0,-0.031419,8614,1,10.512,96.512,31,0
-0.043043,1.7364,0,-0.031623,8614,1,10.528,96.528,31,0
-0.04313,1.7435,0,-0.031827,8614,1,10.544,96.544,31,0
-0.043216,1.7507,0,-0.032031,8614,1,10.56,96.56,31,0
-0.043302,1.7578,0,-0.032235,8614,1,10.576,96.576,31,0
-0.043389,1.765,0,-0.03244,8614,1,10.592,96.592,31,0
-0.043475,1.7721,0,-0.032644,8614,1,10.608,96.608,31,0
-0.043562,1.7792,0,-0.032848,8614,1,10.624,96.624,31,0
-0.043648,1.7864,0,-0.033052,8614,1,10.64,96.64,31,0
-0.043735,1.7935,0,-0.033256,8614,1,10.656,96.656,31,0
-0.043821,1.8006,0,-0.03346,8614,1,10.672,96.672,31,0
-0.043908,1.8078,0,-0.033664,8614,1,10.688,96.688,31,0
-0.043994,1.8149,0,-0.033868,8614,1,10.704,96.704,31,0
-0.04408,1.822,0,-0.034072,8614,1,10.72,96.72,31,0
-0.044167,1.8292,0,-0.034276,8614,1,10.736,96.736,31,0
-0.044253,1.8363,0,-0.03448,8614,1,10.752,96.752,31,0
-0.04434,1.8435,0,-0.034684,8614,1,10.768,96.768,31,0
-0.044426,1.8506,0,-0.034888,8614,1,10.784,96.784,31,0
-0.044513,1.8577,0,-0.035093,8614,1,10.8,96.8,31,0
-0.044599,1.8649,0,-0.035297,8614,1,10.816,96.816,31,0
-0.044686,1.872,0,-0.035501,8614,1,10.832,96.832,31,0
-0.044772,1.8791,0,-0.035705,8614,1,10.848,96.848,31,0
-0.044858,1.8863,0,-0.035909,8614,1,10.864,96.864,31,0
-0.044945,1.8934,0,-0.036113,8614,1,10.88,96.88,31,0
-0.045031,1.9005,0,-0.036317,8614,1,10.896,96.896,31,0
-0.045118,1.9077,0,-0.036521,8614,1,10.912,96.912,31,0
-0.045333,1.9193,0,-0.036653,6432,1,10.928,96.928,31,0
-0.045581,1.9321,0,-0.036767,6432,1,10.944,96.944,31,0
-0.045829,1.9449,0,-0.036881,6432,1,10.96,96.96,31,0
-0.046077,1.9577,0,-0.036994,6432,1,10.976,96.976,31,0
-0.046325,1.9704,0,-0.037108,6432,1,10.992,96.992,31,0
-0.046574,1.9832,0,-0.037222,6432,1,11.008,97.008,31,0
-0.046822,1.996,0,-0.037336,6432,1,11.024,97.024,31,0
-0.04707,2.0088,0,-0.037449,6432,1,11.04,97.04,31,0
-0.047318,2.0216,0,-0.037563,6432,1,11.056,97.056,31,0
-0.047567,2.0344,0,-0.037677,6432,1,11.072,97.072,31,0
-0.047815,2.0471,0,-0.03779,6432,1,11.088,97.088,31,0
-0.048063,2.0599,0,-0.037904,6432,1,11.104,97.104,31,0
-0.048311,2.0727,0,-0.038018,6432,1,11.12,97.12,31,0
-0.04856,2.0855,0,-0.038131,6432,1,11.136,97.136,31,0
-0.048808,2.0983,0,-0.038245,6432,1,11.152,97.152,31,0
-0.049056,2.1111,0,-0.038359,6432,1,11.168,97.168,31,0
-0.049304,2.1239,0,-0.038473,6432,1,11.184,97.184,31,0
-0.049552,2.1366,0,-0.038586,6432,1,11.2,97.2,31,0
-0.049801,2.1494,0,-0.0387,6432,1,11.216,97.216,31,0
-0.050049,2.1622,0,-0.038814,6432,1,11.232,97.232,31,0
-0.050297,2.175,0,-0.038927,6432,1,11.248,97.248,31,0
-0.050545,2.1878,0,-0.039041,6432,1,11.264,97.264,31,0
-0.050793,2.2006,0,-0.039155,6432,1,11.28,97.28,31,0
-0.051042,2.2134,0,-0.039269,6432,1,11.296,97.296,31,0
-0.05129,2.2261,0,-0.039382,6432,1,11.312,97.312,31,0
-0.051538,2.2389,0,-0.039496,6432,1,11.328,97.328,31,0
-0.051786,2.2517,0,-0.03961,6432,1,11.344,97.344,31,0
-0.052035,2.2645,0,-0.039723,6432,1,11.36,97.36,31,0
-0.052283,2.2773,0,-0.039837,6432,1,11.376,97.376,31,0
-0.052531,2.2901,0,-0.039951,6432,1,11.392,97.392,31,0
-0.052779,2.3028,0,-0.040064,6432,1,11.408,97.408,31,0
-0.053027,2.3156,0,-0.040178,6432,1,11.424,97.424,31,0
-0.053276,2.3284,0,-0.040292,6432,1,11.44,97.44,31,0
-0.053524,2.3412,0,-0.040406,6432,1,11.456,97.456,31,0
-0.053814,2.3541,0,-0.040468,8615,1,11.472,97.472,31,0
-0.054208,2.3674,0,-0.040404,8615,1,11.488,97.488,31,0
-0.054602,2.3807,0,-0.040339,8615,1,11.504,97.504,31,0
-0.054995,2.394,0,-0.040275,8615,1,11.52,97.52,31,0
-0.055389,2.4074,0,-0.040211,8615,1,11.536,97.536,31,0
-0.055783,2.4207,0,-0.040146,8615,1,11.552,97.552,31,0
-0.056177,2.434,0,-0.040082,8615,1,11.568,97.568,31,0
-0.056571,2.4473,0,-0.040018,8615,1,11.584,97.584,31,0
-0.056965,2.4606,0,-0.039954,8615,1,11.6,97.6,31,0
-0.057359,2.4739,0,-0.039889,8615,1,11.616,97.616,31,0
-0.057753,2.4872,0,-0.039825,8615,1,11.632,97.632,31,0
-0.058146,2.5005,0,-0.039761,8615,1,11.648,97.648,31,0
-0.05854,2.5138,0,-0.039696,8615,1,11.664,97.664,31,0
-0.058934,2.5271,0,-0.039632,8615,1,11.68,97.68,31,0
-0.059328,2.5404,0,-0.039568,8615,1,11.696,97.696,31,0
-0.059722,2.5537,0,-0.039503,8615,1,11.712,97.712,31,0
-0.060115,2.567,0,-0.039439,8615,1,11.728,97.728,31,0
-0.060509,2.5803,0,-0.039375,8615,1,11.744,97.744,31,0
-0.060903,2.5936,0,-0.03931,8615,1,11.76,97.76,31,0
-0.061297,2.6069,0,-0.039246,8615,1,11.776,97.776,31,0
-0.061691,2.6202,0,-0.039182,8615,1,11.792,97.792,31,0
-0.062085,2.6335,0,-0.039117,8615,1,11.808,97.808,31,0
-0.062479,2.6468,0,-0.039053,8615,1,11.824,97.824,31,0
-0.062872,2.6601,0,-0.038989,8615,1,11.84,97.84,31,0
-0.063266,2.6734,0,-0.038924,8615,1,11.856,97.856,31,0
-0.06366,2.6867,0,-0.03886,8615,1,11.872,97.872,31,0
-0.064054,2.7,0,-0.038796,8615,1,11.888,97.888,31,0
-0.064448,2.7133,0,-0.038731,8615,1,11.904,97.904,31,0
-0.064842,2.7266,0,-0.038667,8615,1,11.92,97.92,31,0
-0.065235,2.74,0,-0.038603,8615,1,11.936,97.936,31,0
-0.065629,2.7533,0,-0.038538,8615,1,11.952,97.952,31,0
-0.066023,2.7666,0,-0.038474,8615,1,11.968,97.968,31,0
-0.066417,2.7799,0,-0.03841,8615,1,11.984,97.984,31,0
-0.066811,2.7932,0,-0.038346,8615,1,12,98,31,0
-0.067205,2.8065,0,-0.038281,8615,1,12.016,98.016,31,0
-0.067449,2.8187,0,-0.03813,6433,1,12.032,98.032,31,0
-0.06765,2.8306,0,-0.037953,6433,1,12.048,98.048,31,0
-0.067851,2.8426,0,-0.037777,6433,1,12.064,98.064,31,0
-0.068053,2.8545,0,-0.0376,6433,1,12.08,98.08,31,0
-0.068254,2.8664,0,-0.037424,6433,1,12.096,98.096,31,0
-0.068455,2.8783,0,-0.037247,6433,1,12.112,98.112,31,0
-0.068656,2.8902,0,-0.03707,6433,1,12.128,98.128,31,0
-0.068857,2.9022,0,-0.036894,6433,1,12.144,98.144,31,0
-0.069058,2.9141,0,-0.036717,6433,1,12.16,98.16,31,0
-0.069259,2.926,0,-0.036541,6433,1,12.176,98.176,31,0
-0.06946,2.9379,0,-0.036364,6433,1,12.192,98.192,31,0
-0.069661,2.9499,0,-0.036187,6433,1,12.208,98.208,31,0
-0.069862,2.9618,0,-0.036011,6433,1,12.224,98.224,31,0
-0.070064,2.9737,0,-0.035834,6433,1,12.24,98.24,31,0
-0.070265,2.9856,0,-0.035658,6433,1,12.256,98.256,31,0
-0.070466,2.9976,0,-0.035481,6433,1,12.272,98.272,31,0
-0.070667,3.0095,0,-0.035304,6433,1,12.288,98.288,31,0
-0.070868,3.0214,0,-0.035128,6433,1,12.304,98.304,31,0
-0.071069,3.0333,0,-0.034951,6433,1,12.32,98.32,31,0
-0.07127,3.0452,0,-0.034775,6433,1,12.336,98.336,31,0
-0.071471,3.0572,0,-0.034598,6433,1,12.352,98.352,31,0
-0.071672,3.0691,0,-0.034422,6433,1,12.368,98.368,31,0
-0.071874,3.081,0,-0.034245,6433,1,12.384,98.384,31,0
-0.072075,3.0929,0,-0.034068,6433,1,12.4,98.4,31,0
-0.072276,3.1049,0,-0.033892,6433,1,12.416,98.416,31,0
-0.072477,3.1168,0,-0.033715,6433,1,12.432,98.432,31,0
-0.072678,3.1287,0,-0.033539,6433,1,12.448,98.448,31,0
-0.072879,3.1406,0,-0.033362,6433,1,12.464,98.464,31,0
-0.073074,3.1525,0,-0.033185,8616,1,12.48,98.48,31,0
-0.072959,3.1595,0,-0.033011,8616,1,12.496,98.496,31,0
-0.072843,3.1666,0,-0.032838,8616,1,12.512,98.512,31,0
-0.072728,3.1737,0,-0.032664,8616,1,12.528,98.528,31,0
-0.072612,3.1808,0,-0.03249,8616,1,12.544,98.544,31,0
-0.072497,3.1878,0,-0.032316,8616,1,12.56,98.56,31,0
-0.072382,3.1949,0,-0.032142,8616,1,12.576,98.576,31,0
-0.072266,3.202,0,-0.031968,8616,1,12.592,98.592,31,0
-0.072151,3.2091,0,-0.031794,8616,1,12.608,98.608,31,0
-0.072035,3.2161,0,-0.03162,8616,1,12.624,98.624,31,0
-0.07192,3.2232,0,-0.031446,8616,1,12.64,98.64,31,0
-0.071804,3.2303,0,-0.031272,8616,1,12.656,98.656,31,0
-0.071689,3.2374,0,-0.031098,8616,1,12.672,98.672,31,0
-0.071573,3.2444,0,-0.030924,8616,1,12.688,98.688,31,0
-0.071458,3.2515,0,-0.03075,8616,1,12.704,98.704,31,0
-0.071343,3.2586,0,-0.030576,8616,1,12.72,98.72,31,0
-0.071227,3.2657,0,-0.030402,8616,1,12.736,98.736,31,0
-0.071112,3.2727,0,-0.030228,8616,1,12.752,98.752,31,0
-0.070996,3.2798,0,-0.030054,8616,1,12.768,98.768,31,0
-0.070881,3.2869,0,-0.02988,8616,1,12.784,98.784,31,0
-0.070765,3.294,0,-0.029706,8616,1,12.8,98.8,31,0
-0.07065,3.301,0,-0.029532,8616,1,12.816,98.816,31,0
-0.070534,3.3081,0,-0.029358,8616,1,12.832,98.832,31,0
-0.070419,3.3152,0,-0.029184,8616,1,12.848,98.848,31,0
-0.070304,3.3222,0,-0.02901,8616,1,12.864,98.864,31,0
-0.070188,3.3293,0,-0.028836,8616,1,12.88,98.88,31,0
-0.070073,3.3364,0,-0.028662,8616,1,12.896,98.896,31,0
-0.069957,3.3435,0,-0.028488,8616,1,12.912,98.912,31,0
-0.069842,3.3505,0,-0.028314,8616,1,12.928,98.928,31,0
-0.06971,3.3568,0,-0.028139,6434,1,12.944,98.944,31,0
-0.069531,3.3607,0,-0.027964,6434,1,12.96,98.96,31,0
-0.069352,3.3646,0,-0.027788,6434,1,12.976,98.976,31,0
-0.069173,3.3685,0,-0.027613,6434,1,12.992,98.992,31,0
-0.068995,3.3724,0,-0.027437,6434,1,13.008,99.008,31,0
-0.068816,3.3763,0,-0.027262,6434,1,13.024,99.024,31,0
-0.068637,3.3802,0,-0.027086,6434,1,13.04,99.04,31,0
-0.068458,3.3841,0,-0.02691,6434,1,13.056,99.056,31,0
-0.06828,3.388,0,-0.026735,6434,1,13.072,99.072,31,0
-0.068101,3.3919,0,-0.026559,6434,1,13.088,99.088,31,0
-0.067922,3.3958,0,-0.026384,6434,1,13.104,99.104,31,0
-0.067743,3.3997,0,-0.026208,6434,1,13.12,99.12,31,0
-0.067564,3.4036,0,-0.026033,6434,1,13.136,99.136,31,0
-0.067386,3.4075,0,-0.025857,6434,1,13.152,99.152,31,0
-0.067207,3.4114,0,-0.025682,6434,1,13.168,99.168,31,0
-0.067028,3.4153,0,-0.025506,6434,1,13.184,99.184,31,0
-0.066849,3.4192,0,-0.02533,6434,1,13.2,99.2,31,0
-0.06667,3.4231,0,-0.025155,6434,1,13.216,99.216,31,0
-0.066492,3.427,0,-0.024979,6434,1,13.232,99.232,31,0
-0.066313,3.4309,0,-0.024804,6434,1,13.248,99.248,31,0
-0.066134,3.4348,0,-0.024628,6434,1,13.264,99.264,31,0
-0.065955,3.4387,0,-0.024453,6434,1,13.28,99.28,31,0
-0.065777,3.4426,0,-0.024277,6434,1,13.296,99.296,31,0
-0.065598,3.4465,0,-0.024102,6434,1,13.312,99.312,31,0
-0.065412,3.4495,0,-0.023941,8617,1,13.328,99.328,31,0
-0.065208,3.4506,0,-0.023818,8617,1,13.344,99.344,31,0
-0.065005,3.4516,0,-0.023694,8617,1,13.36,99.36,31,0
-0.064802,3.4527,0,-0.02357,8617,1,13.376,99.376,31,0
-0.064598,3.4537,0,-0.023446,8617,1,13.392,99.392,31,0
-0.064395,3.4548,0,-0.023323,8617,1,13.408,99.408,31,0
-0.064191,3.4558,0,-0.023199,8617,1,13.424,99.424,31,0
-0.063988,3.4569,0,-0.023075,8617,1,13.44,99.44,31,0
-0.063785,3.4579,0,-0.022951,8617,1,13.456,99.456,31,0
-0.063581,3.459,0,-0.022827,8617,1,13.472,99.472,31,0
-0.063378,3.46,0,-0.022704,8617,1,13.488,99.488,31,0
-0.063175,3.461,0,-0.02258,8617,1,13.504,99.504,31,0
-0.062971,3.4621,0,-0.022456,8617,1,13.52,99.52,31,0
-0.062768,3.4631,0,-0.022332,8617,1,13.536,99.536,31,0
-0.062565,3.4642,0,-0.022209,8617,1,13.552,99.552,31,0
-0.062361,3.4652,0,-0.022085,8617,1,13.568,99.568,31,0
-0.062158,3.4663,0,-0.021961,8617,1,13.584,99.584,31,0
-0.061955,3.4673,0,-0.021837,8617,1,13.6,99.6,31,0
-0.061751,3.4684,0,-0.021713,8617,1,13.616,99.616,31,0
-0.061548,3.4694,0,-0.02159,8617,1,13.632,99.632,31,0
-0.061344,3.4704,0,-0.021466,8617,1,13.648,99.648,31,0
-0.061141,3.4715,0,-0.021342,8617,1,13.664,99.664,31,0
-0.060938,3.4725,0,-0.021218,8617,1,13.68,99.68,31,0
-0.060734,3.4736,0,-0.021094,8617,1,13.696,99.696,31,0
-0.060516,3.4737,0,-0.020977,6435,1,13.712,99.712,31,0
-0.060267,3.472,0,-0.020873,6435,1,13.728,99.728,31,0
-0.060019,3.4703,0,-0.020768,6435,1,13.744,99.744,31,0
-0.05977,3.4685,0,-0.020664,6435,1,13.76,99.76,31,0
-0.059522,3.4668,0,-0.02056,6435,1,13.776,99.776,31,0
-0.059273,3.4651,0,-0.020455,6435,1,13.792,99.792,31,0
-0.059025,3.4634,0,-0.020351,6435,1,13.808,99.808,31,0
-0.058776,3.4617,0,-0.020246,6435,1,13.824,99.824,31,0
-0.058528,3.4599,0,-0.020142,6435,1,13.84,99.84,31,0
-0.058279,3.4582,0,-0.020038,6435,1,13.856,99.856,31,0
-0.058031,3.4565,0,-0.019933,6435,1,13.872,99.872,31,0
-0.057782,3.4548,0,-0.019829,6435,1,13.888,99.888,31,0
-0.057534,3.4531,0,-0.019724,6435,1,13.904,99.904,31,0
-0.057285,3.4513,0,-0.01962,6435,1,13.92,99.92,31,0
-0.057037,3.4496,0,-0.019516,6435,1,13.936,99.936,31,0
-0.056788,3.4479,0,-0.019411,6435,1,13.952,99.952,31,0
-0.05654,3.4462,0,-0.019307,6435,1,13.968,99.968,31,0
-0.056291,3.4445,0,-0.019202,6435,1,13.984,99.984,31,0
-0.056043,3.4428,0,-0.019098,6435,1,14,100,31,0
-0.055794,3.441,0,-0.018994,6435,1,14.016,100.02,31,0
-0.055527,3.4378,0,-0.018901,8618,1,14.032,100.03,31,0
-0.055228,3.4317,0,-0.01883,8618,1,14.048,100.05,31,0
-0.054929,3.4257,0,-0.018758,8618,1,14.064,100.06,31,0
-0.054629,3.4197,0,-0.018687,8618,1,14.08,100.08,31,0
-0.05433,3.4137,0,-0.018615,8618,1,14.096,100.1,31,0
-0.054031,3.4077,0,-0.018544,8618,1,14.112,100.11,31,0
-0.053732,3.4017,0,-0.018472,8618,1,14.128,100.13,31,0
-0.053433,3.3957,0,-0.018401,8618,1,14.144,100.14,31,0
-0.053133,3.3896,0,-0.018329,8618,1,14.16,100.16,31,0
-0.052834,3.3836,0,-0.018257,8618,1,14.176,100.18,31,0
-0.052535,3.3776,0,-0.018186,8618,1,14.192,100.19,31,0
-0.052235,3.3716,0,-0.018114,8618,1,14.208,100.21,31,0
-0.051936,3.3656,0,-0.018043,8618,1,14.224,100.22,31,0
-0.051637,3.3596,0,-0.017971,8618,1,14.24,100.24,31,0
-0.051338,3.3536,0,-0.0179,8618,1,14.256,100.26,31,0
-0.051038,3.3475,0,-0.017828,8618,1,14.272,100.27,31,0
-0.050739,3.3415,0,-0.017757,8618,1,14.288,100.29,31,0
-0.05044,3.3355,0,-0.017685,8618,1,14.304,100.3,31,0
-0.050141,3.3295,0,-0.017614,8618,1,14.32,100.32,31,0
-0.049841,3.3235,0,-0.017542,8618,1,14.336,100.34,31,0
-0.049496,3.3147,0,-0.017479,6436,1,14.352,100.35,31,0
-0.049078,3.3016,0,-0.017428,6436,1,14.368,100.37,31,0
-0.04866,3.2886,0,-0.017377,6436,1,14.384,100.38,31,0
-0.048242,3.2755,0,-0.017326,6436,1,14.4,100.4,31,0
-0.047825,3.2625,0,-0.017274,6436,1,14.416,100.42,31,0
-0.047407,3.2494,0,-0.017223,6436,1,14.432,100.43,31,0
-0.046989,3.2364,0,-0.017172,6436,1,14.448,100.45,31,0
-0.046572,3.2233,0,-0.017121,6436,1,14.464,100.46,31,0
-0.046154,3.2102,0,-0.01707,6436,1,14.48,100.48,31,0
-0.045736,3.1972,0,-0.017019,6436,1,14.496,100.5,31,0
-0.045318,3.1841,0,-0.016968,6436,1,14.512,100.51,31,0
-0.044901,3.1711,0,-0.016917,6436,1,14.528,100.53,31,0
-0.044483,3.158,0,-0.016866,6436,1,14.544,100.54,31,0
-0.044065,3.1449,0,-0.016815,6436,1,14.56,100.56,31,0
-0.043648,3.1319,0,-0.016763,6436,1,14.576,100.58,31,0
-0.04323,3.1188,0,-0.016712,6436,1,14.592,100.59,31,0
-0.042812,3.1058,0,-0.016661,6436,1,14.608,100.61,31,0
-0.042354,3.0884,0,-0.016627,8619,1,14.624,100.62,31,0
-0.041883,3.0696,0,-0.016599,8619,1,14.64,100.64,31,0
-0.041412,3.0508,0,-0.016571,8619,1,14.656,100.66,31,0
-0.040941,3.032,0,-0.016543,8619,1,14.672,100.67,31,0
-0.04047,3.0132,0,-0.016515,8619,1,14.688,100.69,31,0
-0.039999,2.9944,0,-0.016487,8619,1,14.704,100.7,31,0
-0.039528,2.9756,0,-0.016459,8619,1,14.72,100.72,31,0
-0.039057,2.9568,0,-0.016431,8619,1,14.736,100.74,31,0
-0.038586,2.938,0,-0.016403,8619,1,14.752,100.75,31,0
-0.038115,2.9192,0,-0.016375,8619,1,14.768,100.77,31,0
-0.037645,2.9004,0,-0.016347,8619,1,14.784,100.78,31,0
-0.037173,2.8816,0,-0.016319,8619,1,14.8,100.8,31,0
-0.036702,2.8628,0,-0.016291,8619,1,14.816,100.82,31,0
-0.036231,2.844,0,-0.016263,8619,1,14.832,100.83,31,0
-0.035761,2.8252,0,-0.016235,8619,1,14.848,100.85,31,0
-0.03529,2.8064,0,-0.016206,8619,1,14.864,100.86,31,0
-0.034806,2.7865,0,-0.016179,6437,1,14.88,100.88,31,0
-0.034223,2.7578,0,-0.01616,6437,1,14.896,100.9,31,0
-0.03364,2.729,0,-0.016141,6437,1,14.912,100.91,31,0
-0.033057,2.7003,0,-0.016123,6437,1,14.928,100.93,31,0
-0.032474,2.6716,0,-0.016104,6437,1,14.944,100.94,31,0
-0.031891,2.6428,0,-0.016085,6437,1,14.96,100.96,31,0
-0.031308,2.6141,0,-0.016066,6437,1,14.976,100.98,31,0
-0.030726,2.5854,0,-0.016047,6437,1,14.992,100.99,31,0
-0.030142,2.5566,0,-0.016028,6437,1,15.008,101.01,31,0
-0.029559,2.5279,0,-0.016009,6437,1,15.024,101.02,31,0
-0.028977,2.4991,0,-0.01599,6437,1,15.04,101.04,31,0
-0.028394,2.4704,0,-0.015971,6437,1,15.056,101.06,31,0
-0.027811,2.4416,0,-0.015952,6437,1,15.072,101.07,31,0
-0.027228,2.4129,0,-0.015933,6437,1,15.088,101.09,31,0
-0.026646,2.3828,0,-0.015915,8620,1,15.104,101.1,31,0
-0.026066,2.3484,0,-0.015899,8620,1,15.12,101.12,31,0
-0.025486,2.3141,0,-0.015883,8620,1,15.136,101.14,31,0
-0.024906,2.2797,0,-0.015867,8620,1,15.152,101.15,31,0
-0.024326,2.2454,0,-0.015851,8620,1,15.168,101.17,31,0
-0.023746,2.2111,0,-0.015835,8620,1,15.184,101.18,31,0
-0.023167,2.1767,0,-0.01582,8620,1,15.2,101.2,31,0
-0.022587,2.1424,0,-0.015804,8620,1,15.216,101.22,31,0
-0.022007,2.108,0,-0.015788,8620,1,15.232,101.23,31,0
-0.021427,2.0737,0,-0.015772,8620,1,15.248,101.25,31,0
-0.020847,2.0393,0,-0.015756,8620,1,15.264,101.26,31,0
-0.020267,2.005,0,-0.01574,8620,1,15.28,101.28,31,0
-0.019688,1.9706,0,-0.015725,8620,1,15.296,101.3,31,0
-0.019108,1.9363,0,-0.015709,8620,1,15.312,101.31,31,0
-0.0185,1.8978,0,-0.015693,6438,1,15.328,101.33,31,0
-0.017846,1.8524,0,-0.015676,6438,1,15.344,101.34,31,0
-0.017192,1.807,0,-0.015659,6438,1,15.36,101.36,31,0
-0.016537,1.7616,0,-0.015642,6438,1,15.376,101.38,31,0
-0.015883,1.7163,0,-0.015625,6438,1,15.392,101.39,31,0
-0.015229,1.6709,0,-0.015608,6438,1,15.408,101.41,31,0
-0.014575,1.6255,0,-0.015591,6438,1,15.424,101.42,31,0
-0.01392,1.5801,0,-0.015574,6438,1,15.44,101.44,31,0
-0.013266,1.5347,0,-0.015558,6438,1,15.456,101.46,31,0
-0.012612,1.4893,0,-0.015541,6438,1,15.472,101.47,31,0
-0.011958,1.4439,0,-0.015524,6438,1,15.488,101.49,31,0
-0.011304,1.3986,0,-0.015507,6438,1,15.504,101.5,31,0
-0.010775,1.3537,0,-0.015496,8621,1,15.52,101.52,31,0
-0.010274,1.3088,0,-0.015486,8621,1,15.536,101.54,31,0
-0.0097735,1.2641,0,-0.015477,8621,1,15.552,101.55,31,0
-0.0092727,1.2193,0,-0.015467,8621,1,15.568,101.57,31,0
-0.008772,1.1745,0,-0.015457,8621,1,15.584,101.58,31,0
-0.0082712,1.1297,0,-0.015448,8621,1,15.6,101.6,31,0
-0.0077705,1.0849,0,-0.015438,8621,1,15.616,101.62,31,0
-0.0072695,1.0401,0,-0.015429,8621,1,15.632,101.63,31,0
-0.0067687,0.99529,0,-0.015419,8621,1,15.648,101.65,31,0
-0.0062679,0.9505,0,-0.015409,8621,1,15.664,101.66,31,0
-0.0057672,0.9057,0,-0.0154,8621,1,15.68,101.68,31,0
-0.0053025,0.85997,0,-0.015394,4239,1,15.696,101.7,31,0
-0.0049392,0.81159,0,-0.015399,4239,1,15.712,101.71,31,0
-0.0045759,0.76321,0,-0.015404,4239,1,15.728,101.73,31,0
-0.0042124,0.7148,0,-0.015409,4239,1,15.744,101.74,31,0
-0.0038491,0.66642,0,-0.015414,4239,1,15.76,101.76,31,0
-0.0034858,0.61804,0,-0.015419,4239,1,15.776,101.78,31,0
-0.0031224,0.56966,0,-0.015425,4239,1,15.792,101.79,31,0
-0.0027591,0.52128,0,-0.01543,4239,1,15.808,101.81,31,0
-0.0023958,0.47289,0,-0.015435,4239,1,15.824,101.82,31,0
-0.0020325,0.42451,0,-0.01544,4239,1,15.84,101.84,31,0
-0.001774,0.38,0,-0.015447,6439,1,15.856,101.86,31,0
-0.0015769,0.33778,0,-0.015454,6439,1,15.872,101.87,31,0
-0.0013798,0.29556,0,-0.015462,6439,1,15.888,101.89,31,0
-0.0011827,0.25334,0,-0.015469,6439,1,15.904,101.9,31,0
-0.00098558,0.21112,0,-0.015477,6439,1,15.92,101.92,31,0
-0.00078848,0.1689,0,-0.015484,6439,1,15.936,101.94,31,0
-0.00059129,0.12666,0,-0.015492,6439,1,15.952,101.95,31,0
-0.00039419,0.08444,0,-0.015499,6439,1,15.968,101.97,31,0
-0.0001971,0.04222,0,-0.015507,6439,1,15.984,101.98,31,0
0,0,0,-0.015514,6439,1,16,102,31,0
